location_id,name,country_code,region,latitude,longitude,elevation_m,country,timezone
lk_colombo,Colombo,LK,South Asia,6.9271,79.8612,9.0,LK,UTC
lk_jaffna,Jaffna,LK,South Asia,9.6615,80.0255,9.0,LK,UTC
lk_trincomalee,Trincomalee,LK,South Asia,8.5874,81.2152,9.0,LK,UTC
lk_batticaloa,Batticaloa,LK,South Asia,7.7102,81.6924,10.0,LK,UTC
lk_galle,Galle,LK,South Asia,6.0535,80.221,3.0,LK,UTC
lk_matara,Matara,LK,South Asia,5.9549,80.555,6.0,LK,UTC
lk_hambantota,Hambantota,LK,South Asia,6.1429,81.1212,15.0,LK,UTC
lk_puttalam,Puttalam,LK,South Asia,8.0362,79.8283,4.0,LK,UTC
lk_mannar,Mannar,LK,South Asia,8.981,79.9044,6.0,LK,UTC
lk_anuradhapura,Anuradhapura,LK,South Asia,8.3114,80.4037,90.0,LK,UTC
lk_polonnaruwa,Polonnaruwa,LK,South Asia,7.9403,81.0188,49.0,LK,UTC
lk_kurunegala,Kurunegala,LK,South Asia,7.4863,80.3647,124.0,LK,UTC
lk_ratnapura,Ratnapura,LK,South Asia,6.6828,80.3992,34.0,LK,UTC
lk_kegalle,Kegalle,LK,South Asia,7.2513,80.3464,205.0,LK,UTC
lk_matale,Matale,LK,South Asia,7.4675,80.6234,356.0,LK,UTC
lk_kandy,Kandy,LK,South Asia,7.2906,80.6337,499.0,LK,UTC
lk_gampola,Gampola,LK,South Asia,7.1643,80.5696,496.0,LK,UTC
lk_nawalapitiya,Nawalapitiya,LK,South Asia,7.0505,80.53,577.0,LK,UTC
lk_badulla,Badulla,LK,South Asia,6.9934,81.055,661.0,LK,UTC
lk_ella,Ella,LK,South Asia,6.8667,81.0466,907.0,LK,UTC
lk_welimada,Welimada,LK,South Asia,6.902,80.9223,1064.0,LK,UTC
lk_bandarawela,Bandarawela,LK,South Asia,6.8259,80.9982,1248.0,LK,UTC
lk_haputale,Haputale,LK,South Asia,6.7681,80.959,1427.0,LK,UTC
lk_hatton,Hatton,LK,South Asia,6.8916,80.5955,1303.0,LK,UTC
lk_diyatalawa,Diyatalawa,LK,South Asia,6.807,80.9595,1283.0,LK,UTC
lk_nuwara_eliya,Nuwara Eliya,LK,South Asia,6.9497,80.7891,1888.0,LK,UTC
lk_ambewela,Ambewela,LK,South Asia,6.8992,80.8028,1885.0,LK,UTC
lk_horton_plains,Horton Plains,LK,South Asia,6.8021,80.807,2130.0,LK,UTC
lk_pidurutalagala,Pidurutalagala,LK,South Asia,7.0008,80.7733,2500.0,LK,UTC
lk_sri_pada,Sri Pada,LK,South Asia,6.8096,80.4994,2163.0,LK,UTC
in_chennai,Chennai,IN,South Asia,13.0827,80.2707,12.0,IN,UTC
in_thoothukudi,Thoothukudi,IN,South Asia,8.7642,78.1348,3.0,IN,UTC
in_kanyakumari,Kanyakumari,IN,South Asia,8.0883,77.5385,33.0,IN,UTC
in_thiruvananthapuram,Thiruvananthapuram,IN,South Asia,8.5241,76.9366,12.0,IN,UTC
in_kochi,Kochi,IN,South Asia,9.9312,76.2673,6.0,IN,UTC
in_madurai,Madurai,IN,South Asia,9.9252,78.1198,141.0,IN,UTC
in_coimbatore,Coimbatore,IN,South Asia,11.0168,76.9558,431.0,IN,UTC
in_bengaluru,Bengaluru,IN,South Asia,12.9716,77.5946,910.0,IN,UTC
in_mysuru,Mysuru,IN,South Asia,12.2958,76.6394,748.0,IN,UTC
in_munnar,Munnar,IN,South Asia,10.0889,77.0595,1461.0,IN,UTC
in_kodaikanal,Kodaikanal,IN,South Asia,10.2381,77.4892,2085.0,IN,UTC
in_ooty,Ooty,IN,South Asia,11.4102,76.695,2235.0,IN,UTC
in_doddabetta,Doddabetta,IN,South Asia,11.4016,76.7358,2592.0,IN,UTC
in_anamudi,Anamudi,IN,South Asia,10.169,77.0606,2638.0,IN,UTC
in_shillong,Shillong,IN,South Asia,25.5788,91.8933,1436.0,IN,UTC
in_darjeeling,Darjeeling,IN,South Asia,27.041,88.2663,2100.0,IN,UTC
in_gangtok,Gangtok,IN,South Asia,27.3389,88.6065,1487.0,IN,UTC
in_tawang,Tawang,IN,South Asia,27.5861,91.8594,2922.0,IN,UTC
in_lachen,Lachen,IN,South Asia,27.7287,88.5565,2567.0,IN,UTC
in_nathu_la,Nathu La,IN,South Asia,27.3868,88.8308,4298.0,IN,UTC
np_biratnagar,Biratnagar,NP,South Asia,26.4525,87.2718,71.0,NP,UTC
np_janakpur,Janakpur,NP,South Asia,26.7271,85.9407,74.0,NP,UTC
np_bharatpur,Bharatpur,NP,South Asia,27.6833,84.4333,213.0,NP,UTC
np_pokhara,Pokhara,NP,South Asia,28.2096,83.9856,850.0,NP,UTC
np_kathmandu,Kathmandu,NP,South Asia,27.7172,85.324,1301.0,NP,UTC
np_dhulikhel,Dhulikhel,NP,South Asia,27.6221,85.5421,1490.0,NP,UTC
np_jomsom,Jomsom,NP,South Asia,28.7806,83.7278,2751.0,NP,UTC
np_lukla,Lukla,NP,South Asia,27.6869,86.7297,2817.0,NP,UTC
np_namche,Namche Bazaar,NP,South Asia,27.8053,86.714,3556.0,NP,UTC
np_dingboche,Dingboche,NP,South Asia,27.892,86.8314,4321.0,NP,UTC
bt_phuentsholing,Phuentsholing,BT,South Asia,26.8516,89.3884,323.0,BT,UTC
bt_punakha,Punakha,BT,South Asia,27.591,89.8774,1289.0,BT,UTC
bt_paro,Paro,BT,South Asia,27.4287,89.4164,2269.0,BT,UTC
bt_thimphu,Thimphu,BT,South Asia,27.4728,89.6393,2316.0,BT,UTC
bt_chele_la,Chele La,BT,South Asia,27.3697,89.3461,3807.0,BT,UTC
bd_dhaka,Dhaka,BD,South Asia,23.8103,90.4125,19.0,BD,UTC
bd_chattogram,Chattogram,BD,South Asia,22.3569,91.7832,9.0,BD,UTC
bd_sylhet,Sylhet,BD,South Asia,24.8949,91.8687,20.0,BD,UTC
bd_rangamati,Rangamati,BD,South Asia,22.7324,92.2985,29.0,BD,UTC
bd_sajek,Sajek,BD,South Asia,23.3819,92.2938,435.0,BD,UTC
mm_yangon,Yangon,MM,Southeast Asia,16.8409,96.1735,7.0,MM,UTC
mm_mandalay,Mandalay,MM,Southeast Asia,21.9588,96.0891,76.0,MM,UTC
mm_kalaw,Kalaw,MM,Southeast Asia,20.6333,96.5667,1309.0,MM,UTC
mm_taunggyi,Taunggyi,MM,Southeast Asia,20.7888,97.0337,1390.0,MM,UTC
mm_hakha,Hakha,MM,Southeast Asia,22.6445,93.6108,1768.0,MM,UTC
th_bangkok,Bangkok,TH,Southeast Asia,13.7563,100.5018,4.0,TH,UTC
th_phuket,Phuket,TH,Southeast Asia,7.8804,98.3923,6.0,TH,UTC
th_chiang_mai,Chiang Mai,TH,Southeast Asia,18.7883,98.9853,313.0,TH,UTC
th_chiang_rai,Chiang Rai,TH,Southeast Asia,19.9105,99.8406,397.0,TH,UTC
th_mae_hong_son,Mae Hong Son,TH,Southeast Asia,19.302,97.9654,260.0,TH,UTC
th_khao_kho,Khao Kho,TH,Southeast Asia,16.6346,100.995,908.0,TH,UTC
th_doi_inthanon,Doi Inthanon,TH,Southeast Asia,18.5883,98.4867,2564.0,TH,UTC
vn_hanoi,Hanoi,VN,Southeast Asia,21.0278,105.8342,18.0,VN,UTC
vn_da_nang,Da Nang,VN,Southeast Asia,16.0544,108.2022,6.0,VN,UTC
vn_da_lat,Da Lat,VN,Southeast Asia,11.9404,108.4583,1507.0,VN,UTC
vn_sa_pa,Sa Pa,VN,Southeast Asia,22.3364,103.8438,1514.0,VN,UTC
vn_fansipan,Fansipan,VN,Southeast Asia,22.3033,103.775,3102.0,VN,UTC
la_vientiane,Vientiane,LA,Southeast Asia,17.9757,102.6331,179.0,LA,UTC
la_luang_prabang,Luang Prabang,LA,Southeast Asia,19.8833,102.1333,297.0,LA,UTC
la_phonsavan,Phonsavan,LA,Southeast Asia,19.45,103.2167,1125.0,LA,UTC
la_paksong,Paksong,LA,Southeast Asia,15.1817,106.23,1284.0,LA,UTC
kh_phnom_penh,Phnom Penh,KH,Southeast Asia,11.5564,104.9282,14.0,KH,UTC
kh_sen_monorom,Sen Monorom,KH,Southeast Asia,12.4558,107.1881,682.0,KH,UTC
kh_bokor,Bokor,KH,Southeast Asia,10.628,104.028,1013.0,KH,UTC
my_george_town,George Town,MY,Southeast Asia,5.4141,100.3288,6.0,MY,UTC
my_cameron_highlands,Cameron Highlands,MY,Southeast Asia,4.47,101.376,1436.0,MY,UTC
my_genting,Genting Highlands,MY,Southeast Asia,3.4239,101.7932,1745.0,MY,UTC
id_medan,Medan,ID,Southeast Asia,3.5952,98.6722,26.0,ID,UTC
id_berastagi,Berastagi,ID,Southeast Asia,3.1947,98.5089,1401.0,ID,UTC
sg_singapore,Singapore,SG,Southeast Asia,1.3521,103.8198,46.0,SG,UTC
